session_id,voter_id
SESS-001,V001
SESS-001,V002
SESS-001,V003
SESS-001,V004
SESS-001,V005
SESS-001,V006
SESS-001,V007
SESS-001,V008
SESS-001,V009
SESS-001,V010
SESS-001,V011
SESS-001,V012
SESS-001,V013
SESS-001,V014
SESS-001,V015
SESS-001,V016
SESS-001,V017
SESS-001,V018
SESS-001,V019
SESS-001,V020
SESS-001,V021
SESS-001,V022
SESS-001,V023
SESS-001,V024
SESS-001,V025
SESS-001,V026
SESS-001,V027
SESS-001,V028
SESS-001,V029
SESS-001,V030
SESS-001,V031
SESS-001,V032
SESS-001,V033
SESS-001,V034
SESS-001,V035
SESS-001,V036
SESS-001,V037
SESS-001,V038
SESS-001,V039
SESS-001,V040
SESS-001,V041
SESS-001,V042
SESS-001,V043
SESS-001,V044
SESS-001,V045
SESS-001,V046
SESS-001,V047
SESS-001,V048
SESS-001,V049
SESS-001,V050
SESS-001,V051
SESS-001,V052
SESS-001,V053
SESS-001,V054
SESS-001,V055
SESS-001,V056
SESS-001,V057
SESS-001,V058
SESS-001,V059
SESS-001,V060
SESS-001,V061
SESS-001,V062
SESS-001,V063
SESS-001,V064
SESS-001,V065
SESS-001,V066
SESS-001,V067
SESS-001,V068
SESS-001,V069
SESS-001,V070
SESS-001,V071
SESS-001,V072
SESS-001,V073
SESS-001,V074
SESS-001,V075
SESS-001,V076
SESS-001,V077
SESS-001,V078
SESS-001,V079
SESS-001,V080
SESS-001,V081
SESS-001,V082
SESS-001,V083
SESS-001,V084
SESS-001,V085
SESS-001,V086
SESS-001,V087
SESS-001,V088
SESS-001,V089
SESS-001,V090
SESS-001,V091
SESS-001,V092
SESS-001,V093
SESS-001,V094
SESS-001,V095
SESS-001,V096
SESS-001,V097
SESS-001,V098
SESS-001,V099
SESS-001,V100
SESS-001,V101
SESS-001,V102
SESS-001,V103
SESS-001,V104
SESS-001,V105
SESS-001,V106
SESS-001,V107
SESS-001,V108
SESS-001,V109
SESS-001,V110
SESS-001,V111
SESS-001,V112
SESS-001,V113
SESS-001,V114
SESS-001,V115
SESS-001,V116
SESS-001,V117
SESS-001,V118
SESS-001,V119
SESS-001,V120
SESS-001,V121
SESS-001,V122
SESS-001,V123
SESS-001,V124
SESS-001,V125
SESS-001,V126
SESS-001,V127
SESS-001,V128
SESS-001,V129
SESS-001,V130
SESS-001,V131
SESS-001,V132
SESS-001,V133
SESS-001,V134
SESS-001,V135
SESS-001,V136
SESS-001,V137
SESS-001,V138
SESS-001,V139
SESS-001,V140
SESS-001,V141
SESS-001,V142
SESS-001,V143
SESS-001,V144
SESS-001,V145
SESS-001,V146
SESS-001,V147
SESS-001,V148
SESS-001,V149
SESS-001,V150
SESS-001,V151
SESS-001,V152
SESS-001,V153
SESS-001,V154
SESS-001,V155
SESS-001,V156
SESS-001,V157
SESS-001,V158
SESS-001,V159
SESS-001,V160
SESS-001,V161
SESS-001,V162
SESS-001,V163
SESS-001,V164
SESS-001,V165
SESS-001,V166
SESS-001,V167
SESS-001,V168
SESS-001,V169
SESS-001,V170
SESS-001,V171
SESS-001,V172
SESS-001,V173
SESS-001,V174
SESS-001,V175
SESS-001,V176
SESS-001,V177
SESS-001,V178
SESS-001,V179
SESS-001,V180
SESS-001,V181
SESS-001,V182
SESS-001,V183
SESS-001,V184
SESS-001,V185
SESS-001,V186
SESS-001,V187
SESS-001,V188
SESS-001,V189
SESS-001,V190
SESS-001,V191
SESS-001,V192
SESS-001,V193
SESS-001,V194
SESS-001,V195
SESS-001,V196
SESS-001,V197
SESS-001,V198
SESS-001,V199
SESS-001,V200
SESS-001,V201
SESS-001,V202
SESS-001,V203
SESS-001,V204
SESS-001,V205
SESS-001,V206
SESS-001,V207
SESS-001,V208
SESS-001,V209
SESS-001,V210
SESS-001,V211
SESS-001,V212
SESS-001,V213
SESS-001,V214
SESS-001,V215
SESS-001,V216
SESS-001,V217
SESS-001,V218
SESS-001,V219
SESS-001,V220
SESS-001,V221
SESS-001,V222
SESS-001,V223
SESS-001,V224
SESS-001,V225
SESS-001,V226
SESS-001,V227
SESS-001,V228
SESS-001,V229
SESS-001,V230
SESS-001,V231
SESS-001,V232
SESS-001,V233
SESS-001,V234
SESS-001,V235
SESS-001,V236
SESS-001,V237
SESS-001,V238
SESS-001,V239
SESS-001,V240
SESS-001,V241
SESS-001,V242
SESS-001,V243
SESS-001,V244
SESS-001,V245
SESS-001,V246
SESS-001,V247
SESS-001,V248
SESS-001,V249
SESS-001,V250
SESS-001,V251
SESS-001,V252
SESS-001,V253
SESS-001,V254
SESS-001,V255
SESS-001,V256
SESS-001,V257
SESS-001,V258
SESS-001,V259
SESS-001,V260
SESS-001,V261
SESS-001,V262
SESS-001,V263
SESS-001,V264
SESS-001,V265
SESS-001,V266
SESS-001,V267
SESS-001,V268
SESS-001,V269
SESS-001,V270
SESS-001,V271
SESS-001,V272
SESS-001,V273
SESS-001,V274
SESS-001,V275
SESS-001,V276
SESS-001,V277
SESS-001,V278
SESS-001,V279
SESS-001,V280
SESS-001,V281
SESS-001,V282
SESS-001,V283
SESS-001,V284
SESS-001,V285
SESS-001,V286
SESS-001,V287
SESS-001,V288
SESS-001,V289
SESS-001,V290
SESS-001,V291
SESS-001,V292
SESS-001,V293
SESS-001,V294
SESS-001,V295
SESS-001,V296
SESS-001,V297
SESS-001,V298
SESS-001,V299
SESS-001,V300
SESS-001,V301
SESS-001,V302
SESS-001,V303
SESS-001,V304
SESS-001,V305
SESS-001,V306
SESS-001,V307
SESS-001,V308
SESS-001,V309
SESS-001,V310
SESS-001,V311
SESS-001,V312
SESS-001,V313
SESS-001,V314
SESS-001,V315
SESS-001,V316
SESS-001,V317
SESS-001,V318
SESS-001,V319
SESS-001,V320
SESS-001,V321
SESS-001,V322
SESS-001,V323
SESS-001,V324
SESS-001,V325
SESS-001,V326
SESS-001,V327
SESS-001,V328
SESS-001,V329
SESS-001,V330
SESS-001,V331
SESS-001,V332
SESS-001,V333
SESS-001,V334
SESS-001,V335
SESS-001,V336
SESS-001,V337
SESS-001,V338
SESS-001,V339
SESS-001,V340
SESS-001,V341
SESS-001,V342
SESS-001,V343
SESS-001,V344
SESS-001,V345
SESS-001,V346
SESS-001,V347
SESS-001,V348
SESS-001,V349
SESS-001,V350
SESS-001,V351
SESS-001,V352
SESS-001,V353
SESS-001,V354
SESS-001,V355
SESS-001,V356
SESS-001,V357
SESS-001,V358
SESS-001,V359
SESS-001,V360
SESS-001,V361
SESS-001,V362
SESS-001,V363
SESS-001,V364
SESS-001,V365
SESS-001,V366
SESS-001,V367
SESS-001,V368
SESS-001,V369
SESS-001,V370
SESS-001,V371
SESS-001,V372
SESS-001,V373
SESS-001,V374
SESS-001,V375
SESS-001,V376
SESS-001,V377
SESS-001,V378
SESS-001,V379
SESS-001,V380
SESS-001,V381
SESS-001,V382
SESS-001,V383
SESS-001,V384
SESS-001,V385
SESS-001,V386
SESS-001,V387
SESS-001,V388
SESS-001,V389
SESS-001,V390
SESS-001,V391
SESS-001,V392
SESS-001,V393
SESS-001,V394
SESS-001,V395
SESS-001,V396
SESS-001,V397
SESS-001,V398
SESS-001,V399
SESS-001,V400
SESS-002,V003
SESS-002,V006
SESS-002,V008
SESS-002,V013
SESS-002,V014
SESS-002,V015
SESS-002,V016
SESS-002,V017
SESS-002,V018
SESS-002,V019
SESS-002,V022
SESS-002,V024
SESS-002,V025
SESS-002,V028
SESS-002,V029
SESS-002,V030
SESS-002,V032
SESS-002,V034
SESS-002,V035
SESS-002,V037
SESS-002,V038
SESS-002,V039
SESS-002,V040
SESS-002,V041
SESS-002,V042
SESS-002,V045
SESS-002,V048
SESS-002,V049
SESS-002,V053
SESS-002,V054
SESS-002,V056
SESS-002,V059
SESS-002,V061
SESS-002,V062
SESS-002,V063
SESS-002,V064
SESS-002,V065
SESS-002,V066
SESS-002,V067
SESS-002,V068
SESS-002,V069
SESS-002,V070
SESS-002,V071
SESS-002,V072
SESS-002,V073
SESS-002,V074
SESS-002,V075
SESS-002,V077
SESS-002,V078
SESS-002,V079
SESS-002,V081
SESS-002,V082
SESS-002,V083
SESS-002,V084
SESS-002,V085
SESS-002,V087
SESS-002,V088
SESS-002,V089
SESS-002,V090
SESS-002,V091
SESS-002,V094
SESS-002,V095
SESS-002,V096
SESS-002,V099
SESS-002,V101
SESS-002,V103
SESS-002,V104
SESS-002,V107
SESS-002,V108
SESS-002,V110
SESS-002,V111
SESS-002,V113
SESS-002,V115
SESS-002,V116
SESS-002,V117
SESS-002,V118
SESS-002,V119
SESS-002,V120
SESS-002,V121
SESS-002,V122
SESS-002,V124
SESS-002,V127
SESS-002,V128
SESS-002,V129
SESS-002,V130
SESS-002,V132
SESS-002,V134
SESS-002,V135
SESS-002,V138
SESS-002,V140
SESS-002,V141
SESS-002,V143
SESS-002,V144
SESS-002,V146
SESS-002,V147
SESS-002,V148
SESS-002,V149
SESS-002,V150
SESS-002,V153
SESS-002,V154
SESS-002,V156
SESS-002,V158
SESS-002,V159
SESS-002,V161
SESS-002,V162
SESS-002,V163
SESS-002,V164
SESS-002,V165
SESS-002,V166
SESS-002,V167
SESS-002,V173
SESS-002,V176
SESS-002,V177
SESS-002,V178
SESS-002,V181
SESS-002,V184
SESS-002,V185
SESS-002,V186
SESS-002,V187
SESS-002,V188
SESS-002,V189
SESS-002,V190
SESS-002,V191
SESS-002,V194
SESS-002,V195
SESS-002,V197
SESS-002,V198
SESS-002,V199
SESS-002,V201
SESS-002,V202
SESS-002,V204
SESS-002,V206
SESS-002,V207
SESS-002,V208
SESS-002,V210
SESS-002,V211
SESS-002,V212
SESS-002,V213
SESS-002,V215
SESS-002,V216
SESS-002,V222
SESS-002,V223
SESS-002,V224
SESS-002,V225
SESS-002,V228
SESS-002,V229
SESS-002,V230
SESS-002,V231
SESS-002,V232
SESS-002,V233
SESS-002,V235
SESS-002,V238
SESS-002,V239
SESS-002,V240
SESS-002,V242
SESS-002,V243
SESS-002,V246
SESS-002,V248
SESS-002,V251
SESS-002,V252
SESS-002,V253
SESS-002,V254
SESS-002,V256
SESS-002,V258
SESS-002,V261
SESS-002,V262
SESS-002,V263
SESS-002,V265
SESS-002,V266
SESS-002,V269
SESS-002,V270
SESS-002,V271
SESS-002,V272
SESS-002,V273
SESS-002,V274
SESS-002,V275
SESS-002,V276
SESS-002,V278
SESS-002,V279
SESS-002,V280
SESS-002,V281
SESS-002,V282
SESS-002,V283
SESS-002,V284
SESS-002,V287
SESS-002,V288
SESS-002,V290
SESS-002,V291
SESS-002,V294
SESS-002,V295
SESS-002,V296
SESS-002,V297
SESS-002,V302
SESS-002,V303
SESS-002,V304
SESS-002,V305
SESS-002,V307
SESS-002,V308
SESS-002,V310
SESS-002,V312
SESS-002,V313
SESS-002,V314
SESS-002,V315
SESS-002,V318
SESS-002,V319
SESS-002,V321
SESS-002,V324
SESS-002,V327
SESS-002,V328
SESS-002,V329
SESS-002,V330
SESS-002,V331
SESS-002,V332
SESS-002,V333
SESS-002,V334
SESS-002,V336
SESS-002,V338
SESS-002,V339
SESS-002,V340
SESS-002,V341
SESS-002,V344
SESS-002,V348
SESS-002,V350
SESS-002,V351
SESS-002,V353
SESS-002,V355
SESS-002,V357
SESS-002,V358
SESS-002,V359
SESS-002,V360
SESS-002,V363
SESS-002,V365
SESS-002,V368
SESS-002,V370
SESS-002,V374
SESS-002,V375
SESS-002,V376
SESS-002,V377
SESS-002,V378
SESS-002,V379
SESS-002,V380
SESS-002,V383
SESS-002,V384
SESS-002,V385
SESS-002,V386
SESS-002,V387
SESS-002,V388
SESS-002,V389
SESS-002,V397
SESS-002,V398
SESS-003,V002
SESS-003,V009
SESS-003,V010
SESS-003,V013
SESS-003,V014
SESS-003,V016
SESS-003,V017
SESS-003,V020
SESS-003,V021
SESS-003,V022
SESS-003,V023
SESS-003,V024
SESS-003,V026
SESS-003,V027
SESS-003,V028
SESS-003,V032
SESS-003,V036
SESS-003,V038
SESS-003,V041
SESS-003,V050
SESS-003,V052
SESS-003,V057
SESS-003,V058
SESS-003,V060
SESS-003,V061
SESS-003,V062
SESS-003,V063
SESS-003,V066
SESS-003,V070
SESS-003,V071
SESS-003,V072
SESS-003,V074
SESS-003,V075
SESS-003,V076
SESS-003,V077
SESS-003,V078
SESS-003,V083
SESS-003,V084
SESS-003,V085
SESS-003,V088
SESS-003,V089
SESS-003,V098
SESS-003,V099
SESS-003,V100
SESS-003,V102
SESS-003,V104
SESS-003,V105
SESS-003,V106
SESS-003,V107
SESS-003,V110
SESS-003,V116
SESS-003,V117
SESS-003,V121
SESS-003,V122
SESS-003,V123
SESS-003,V125
SESS-003,V127
SESS-003,V132
SESS-003,V136
SESS-003,V137
SESS-003,V138
SESS-003,V141
SESS-003,V143
SESS-003,V144
SESS-003,V147
SESS-003,V148
SESS-003,V149
SESS-003,V151
SESS-003,V153
SESS-003,V154
SESS-003,V158
SESS-003,V161
SESS-003,V163
SESS-003,V164
SESS-003,V166
SESS-003,V167
SESS-003,V168
SESS-003,V170
SESS-003,V171
SESS-003,V172
SESS-003,V173
SESS-003,V174
SESS-003,V175
SESS-003,V176
SESS-003,V177
SESS-003,V178
SESS-003,V179
SESS-003,V182
SESS-003,V184
SESS-003,V186
SESS-003,V188
SESS-003,V189
SESS-003,V190
SESS-003,V192
SESS-003,V193
SESS-003,V194
SESS-003,V195
SESS-003,V197
SESS-003,V198
SESS-003,V202
SESS-003,V203
SESS-003,V206
SESS-003,V211
SESS-003,V212
SESS-003,V214
SESS-003,V215
SESS-003,V217
SESS-003,V226
SESS-003,V227
SESS-003,V231
SESS-003,V232
SESS-003,V233
SESS-003,V234
SESS-003,V235
SESS-003,V236
SESS-003,V239
SESS-003,V242
SESS-003,V243
SESS-003,V244
SESS-003,V245
SESS-003,V246
SESS-003,V248
SESS-003,V251
SESS-003,V253
SESS-003,V257
SESS-003,V259
SESS-003,V260
SESS-003,V261
SESS-003,V262
SESS-003,V264
SESS-003,V266
SESS-003,V269
SESS-003,V270
SESS-003,V271
SESS-003,V272
SESS-003,V273
SESS-003,V274
SESS-003,V278
SESS-003,V280
SESS-003,V281
SESS-003,V282
SESS-003,V284
SESS-003,V285
SESS-003,V286
SESS-003,V288
SESS-003,V289
SESS-003,V290
SESS-003,V292
SESS-003,V294
SESS-003,V295
SESS-003,V296
SESS-003,V297
SESS-003,V299
SESS-003,V304
SESS-003,V306
SESS-003,V307
SESS-003,V309
SESS-003,V310
SESS-003,V311
SESS-003,V312
SESS-003,V313
SESS-003,V314
SESS-003,V316
SESS-003,V318
SESS-003,V319
SESS-003,V320
SESS-003,V323
SESS-003,V324
SESS-003,V327
SESS-003,V328
SESS-003,V329
SESS-003,V331
SESS-003,V332
SESS-003,V333
SESS-003,V334
SESS-003,V335
SESS-003,V336
SESS-003,V337
SESS-003,V344
SESS-003,V345
SESS-003,V349
SESS-003,V350
SESS-003,V354
SESS-003,V356
SESS-003,V362
SESS-003,V363
SESS-003,V365
SESS-003,V369
SESS-003,V371
SESS-003,V374
SESS-003,V376
SESS-003,V379
SESS-003,V386
SESS-003,V390
SESS-003,V392
SESS-003,V394
SESS-003,V396
SESS-003,V398
SESS-003,V399
SESS-003,V400
SESS-004,V001
SESS-004,V002
SESS-004,V003
SESS-004,V004
SESS-004,V005
SESS-004,V006
SESS-004,V007
SESS-004,V008
SESS-004,V009
SESS-004,V010
SESS-004,V011
SESS-004,V012
SESS-004,V013
SESS-004,V014
SESS-004,V015
SESS-004,V016
SESS-004,V017
SESS-004,V018
SESS-004,V019
SESS-004,V020
SESS-004,V021
SESS-004,V022
SESS-004,V023
SESS-004,V024
SESS-004,V025
SESS-004,V026
SESS-004,V027
SESS-004,V028
SESS-004,V029
SESS-004,V030
SESS-004,V031
SESS-004,V032
SESS-004,V033
SESS-004,V034
SESS-004,V035
SESS-004,V036
SESS-004,V037
SESS-004,V038
SESS-004,V039
SESS-004,V040
SESS-004,V041
SESS-004,V042
SESS-004,V043
SESS-004,V044
SESS-004,V045
SESS-004,V046
SESS-004,V047
SESS-004,V048
SESS-004,V049
SESS-004,V050
SESS-004,V051
SESS-004,V052
SESS-004,V053
SESS-004,V054
SESS-004,V055
SESS-004,V056
SESS-004,V057
SESS-004,V058
SESS-004,V059
SESS-004,V060
SESS-004,V061
SESS-004,V062
SESS-004,V063
SESS-004,V064
SESS-004,V065
SESS-004,V066
SESS-004,V067
SESS-004,V068
SESS-004,V069
SESS-004,V070
SESS-004,V071
SESS-004,V072
SESS-004,V073
SESS-004,V074
SESS-004,V075
SESS-004,V076
SESS-004,V077
SESS-004,V078
SESS-004,V079
SESS-004,V080
SESS-004,V081
SESS-004,V082
SESS-004,V083
SESS-004,V084
SESS-004,V085
SESS-004,V086
SESS-004,V087
SESS-004,V088
SESS-004,V089
SESS-004,V090
SESS-004,V091
SESS-004,V092
SESS-004,V093
SESS-004,V094
SESS-004,V095
SESS-004,V096
SESS-004,V097
SESS-004,V098
SESS-004,V099
SESS-004,V100
SESS-004,V101
SESS-004,V102
SESS-004,V103
SESS-004,V104
SESS-004,V105
SESS-004,V106
SESS-004,V107
SESS-004,V108
SESS-004,V109
SESS-004,V110
SESS-004,V111
SESS-004,V112
SESS-004,V113
SESS-004,V114
SESS-004,V115
SESS-004,V116
SESS-004,V117
SESS-004,V118
SESS-004,V119
SESS-004,V120
SESS-004,V121
SESS-004,V122
SESS-004,V123
SESS-004,V124
SESS-004,V125
SESS-004,V126
SESS-004,V127
SESS-004,V128
SESS-004,V129
SESS-004,V130
SESS-004,V131
SESS-004,V132
SESS-004,V133
SESS-004,V134
SESS-004,V135
SESS-004,V136
SESS-004,V137
SESS-004,V138
SESS-004,V139
SESS-004,V140
SESS-004,V141
SESS-004,V142
SESS-004,V143
SESS-004,V144
SESS-004,V145
SESS-004,V146
SESS-004,V147
SESS-004,V148
SESS-004,V149
SESS-004,V150
SESS-004,V151
SESS-004,V152
SESS-004,V153
SESS-004,V154
SESS-004,V155
SESS-004,V156
SESS-004,V157
SESS-004,V158
SESS-004,V159
SESS-004,V160
SESS-004,V161
SESS-004,V162
SESS-004,V163
SESS-004,V164
SESS-004,V165
SESS-004,V166
SESS-004,V167
SESS-004,V168
SESS-004,V169
SESS-004,V170
SESS-004,V171
SESS-004,V172
SESS-004,V173
SESS-004,V174
SESS-004,V175
SESS-004,V176
SESS-004,V177
SESS-004,V178
SESS-004,V179
SESS-004,V180
SESS-004,V181
SESS-004,V182
SESS-004,V183
SESS-004,V184
SESS-004,V185
SESS-004,V186
SESS-004,V187
SESS-004,V188
SESS-004,V189
SESS-004,V190
SESS-004,V191
SESS-004,V192
SESS-004,V193
SESS-004,V194
SESS-004,V195
SESS-004,V196
SESS-004,V197
SESS-004,V198
SESS-004,V199
SESS-004,V200
SESS-004,V201
SESS-004,V202
SESS-004,V203
SESS-004,V204
SESS-004,V205
SESS-004,V206
SESS-004,V207
SESS-004,V208
SESS-004,V209
SESS-004,V210
SESS-004,V211
SESS-004,V212
SESS-004,V213
SESS-004,V214
SESS-004,V215
SESS-004,V216
SESS-004,V217
SESS-004,V218
SESS-004,V219
SESS-004,V220
SESS-004,V221
SESS-004,V222
SESS-004,V223
SESS-004,V224
SESS-004,V225
SESS-004,V226
SESS-004,V227
SESS-004,V228
SESS-004,V229
SESS-004,V230
SESS-004,V231
SESS-004,V232
SESS-004,V233
SESS-004,V234
SESS-004,V235
SESS-004,V236
SESS-004,V237
SESS-004,V238
SESS-004,V239
SESS-004,V240
SESS-004,V241
SESS-004,V242
SESS-004,V243
SESS-004,V244
SESS-004,V245
SESS-004,V246
SESS-004,V247
SESS-004,V248
SESS-004,V249
SESS-004,V250
SESS-004,V251
SESS-004,V252
SESS-004,V253
SESS-004,V254
SESS-004,V255
SESS-004,V256
SESS-004,V257
SESS-004,V258
SESS-004,V259
SESS-004,V260
SESS-004,V261
SESS-004,V262
SESS-004,V263
SESS-004,V264
SESS-004,V265
SESS-004,V266
SESS-004,V267
SESS-004,V268
SESS-004,V269
SESS-004,V270
SESS-004,V271
SESS-004,V272
SESS-004,V273
SESS-004,V274
SESS-004,V275
SESS-004,V276
SESS-004,V277
SESS-004,V278
SESS-004,V279
SESS-004,V280
SESS-004,V281
SESS-004,V282
SESS-004,V283
SESS-004,V284
SESS-004,V285
SESS-004,V286
SESS-004,V287
SESS-004,V288
SESS-004,V289
SESS-004,V290
SESS-004,V291
SESS-004,V292
SESS-004,V293
SESS-004,V294
SESS-004,V295
SESS-004,V296
SESS-004,V297
SESS-004,V298
SESS-004,V299
SESS-004,V300
SESS-004,V301
SESS-004,V302
SESS-004,V303
SESS-004,V304
SESS-004,V305
SESS-004,V306
SESS-004,V307
SESS-004,V308
SESS-004,V309
SESS-004,V310
SESS-004,V311
SESS-004,V312
SESS-004,V313
SESS-004,V314
SESS-004,V315
SESS-004,V316
SESS-004,V317
SESS-004,V318
SESS-004,V319
SESS-004,V320
SESS-004,V321
SESS-004,V322
SESS-004,V323
SESS-004,V324
SESS-004,V325
SESS-004,V326
SESS-004,V327
SESS-004,V328
SESS-004,V329
SESS-004,V330
SESS-004,V331
SESS-004,V332
SESS-004,V333
SESS-004,V334
SESS-004,V335
SESS-004,V336
SESS-004,V337
SESS-004,V338
SESS-004,V339
SESS-004,V340
SESS-004,V341
SESS-004,V342
SESS-004,V343
SESS-004,V344
SESS-004,V345
SESS-004,V346
SESS-004,V347
SESS-004,V348
SESS-004,V349
SESS-004,V350
SESS-004,V351
SESS-004,V352
SESS-004,V353
SESS-004,V354
SESS-004,V355
SESS-004,V356
SESS-004,V357
SESS-004,V358
SESS-004,V359
SESS-004,V360
SESS-004,V361
SESS-004,V362
SESS-004,V363
SESS-004,V364
SESS-004,V365
SESS-004,V366
SESS-004,V367
SESS-004,V368
SESS-004,V369
SESS-004,V370
SESS-004,V371
SESS-004,V372
SESS-004,V373
SESS-004,V374
SESS-004,V375
SESS-004,V376
SESS-004,V377
SESS-004,V378
SESS-004,V379
SESS-004,V380
SESS-004,V381
SESS-004,V382
SESS-004,V383
SESS-004,V384
SESS-004,V385
SESS-004,V386
SESS-004,V387
SESS-004,V388
SESS-004,V389
SESS-004,V390
SESS-004,V391
SESS-004,V392
SESS-004,V393
SESS-004,V394
SESS-004,V395
SESS-004,V396
SESS-004,V397
SESS-004,V398
SESS-004,V399
SESS-004,V400
SESS-005,V003
SESS-005,V004
SESS-005,V005
SESS-005,V007
SESS-005,V009
SESS-005,V014
SESS-005,V016
SESS-005,V017
SESS-005,V022
SESS-005,V024
SESS-005,V028
SESS-005,V029
SESS-005,V038
SESS-005,V039
SESS-005,V040
SESS-005,V041
SESS-005,V042
SESS-005,V043
SESS-005,V044
SESS-005,V045
SESS-005,V046
SESS-005,V047
SESS-005,V048
SESS-005,V049
SESS-005,V050
SESS-005,V051
SESS-005,V053
SESS-005,V055
SESS-005,V068
SESS-005,V072
SESS-005,V074
SESS-005,V075
SESS-005,V077
SESS-005,V079
SESS-005,V084
SESS-005,V088
SESS-005,V092
SESS-005,V096
SESS-005,V099
SESS-005,V106
SESS-005,V107
SESS-005,V109
SESS-005,V116
SESS-005,V117
SESS-005,V118
SESS-005,V119
SESS-005,V124
SESS-005,V125
SESS-005,V127
SESS-005,V130
SESS-005,V137
SESS-005,V138
SESS-005,V139
SESS-005,V140
SESS-005,V141
SESS-005,V144
SESS-005,V147
SESS-005,V152
SESS-005,V154
SESS-005,V158
SESS-005,V162
SESS-005,V163
SESS-005,V167
SESS-005,V168
SESS-005,V170
SESS-005,V175
SESS-005,V178
SESS-005,V182
SESS-005,V183
SESS-005,V185
SESS-005,V192
SESS-005,V193
SESS-005,V194
SESS-005,V195
SESS-005,V197
SESS-005,V200
SESS-005,V204
SESS-005,V208
SESS-005,V209
SESS-005,V211
SESS-005,V221
SESS-005,V222
SESS-005,V223
SESS-005,V224
SESS-005,V228
SESS-005,V230
SESS-005,V231
SESS-005,V236
SESS-005,V244
SESS-005,V252
SESS-005,V256
SESS-005,V257
SESS-005,V258
SESS-005,V268
SESS-005,V269
SESS-005,V270
SESS-005,V271
SESS-005,V272
SESS-005,V273
SESS-005,V275
SESS-005,V276
SESS-005,V277
SESS-005,V279
SESS-005,V281
SESS-005,V283
SESS-005,V284
SESS-005,V288
SESS-005,V289
SESS-005,V290
SESS-005,V291
SESS-005,V301
SESS-005,V314
SESS-005,V317
SESS-005,V318
SESS-005,V321
SESS-005,V327
SESS-005,V329
SESS-005,V331
SESS-005,V332
SESS-005,V333
SESS-005,V334
SESS-005,V335
SESS-005,V336
SESS-005,V342
SESS-005,V343
SESS-005,V346
SESS-005,V347
SESS-005,V351
SESS-005,V352
SESS-005,V355
SESS-005,V357
SESS-005,V358
SESS-005,V363
SESS-005,V365
SESS-005,V367
SESS-005,V369
SESS-005,V370
SESS-005,V371
SESS-005,V372
SESS-005,V374
SESS-005,V378
SESS-005,V379
SESS-005,V383
SESS-005,V384
SESS-005,V385
SESS-005,V387
SESS-005,V389
SESS-005,V395
SESS-005,V398
SESS-005,V400
SESS-006,V004
SESS-006,V014
SESS-006,V033
SESS-006,V036
SESS-006,V038
SESS-006,V040
SESS-006,V044
SESS-006,V055
SESS-006,V059
SESS-006,V070
SESS-006,V072
SESS-006,V075
SESS-006,V079
SESS-006,V086
SESS-006,V087
SESS-006,V091
SESS-006,V093
SESS-006,V101
SESS-006,V103
SESS-006,V108
SESS-006,V124
SESS-006,V125
SESS-006,V127
SESS-006,V129
SESS-006,V130
SESS-006,V138
SESS-006,V142
SESS-006,V144
SESS-006,V150
SESS-006,V154
SESS-006,V155
SESS-006,V156
SESS-006,V161
SESS-006,V164
SESS-006,V165
SESS-006,V167
SESS-006,V169
SESS-006,V171
SESS-006,V172
SESS-006,V185
SESS-006,V187
SESS-006,V193
SESS-006,V194
SESS-006,V195
SESS-006,V199
SESS-006,V202
SESS-006,V203
SESS-006,V204
SESS-006,V206
SESS-006,V210
SESS-006,V215
SESS-006,V216
SESS-006,V217
SESS-006,V221
SESS-006,V223
SESS-006,V225
SESS-006,V226
SESS-006,V230
SESS-006,V235
SESS-006,V237
SESS-006,V246
SESS-006,V248
SESS-006,V252
SESS-006,V253
SESS-006,V254
SESS-006,V256
SESS-006,V260
SESS-006,V267
SESS-006,V274
SESS-006,V280
SESS-006,V282
SESS-006,V287
SESS-006,V289
SESS-006,V293
SESS-006,V295
SESS-006,V299
SESS-006,V304
SESS-006,V305
SESS-006,V309
SESS-006,V316
SESS-006,V318
SESS-006,V321
SESS-006,V325
SESS-006,V334
SESS-006,V340
SESS-006,V345
SESS-006,V346
SESS-006,V351
SESS-006,V362
SESS-006,V363
SESS-006,V368
SESS-006,V370
SESS-006,V372
SESS-006,V377
SESS-006,V387
SESS-006,V388
SESS-006,V390
SESS-006,V392
SESS-006,V395
SESS-006,V399
SESS-007,V001
SESS-007,V003
SESS-007,V006
SESS-007,V008
SESS-007,V009
SESS-007,V011
SESS-007,V012
SESS-007,V013
SESS-007,V014
SESS-007,V015
SESS-007,V016
SESS-007,V019
SESS-007,V020
SESS-007,V022
SESS-007,V023
SESS-007,V024
SESS-007,V025
SESS-007,V027
SESS-007,V028
SESS-007,V029
SESS-007,V030
SESS-007,V031
SESS-007,V033
SESS-007,V034
SESS-007,V035
SESS-007,V036
SESS-007,V037
SESS-007,V038
SESS-007,V042
SESS-007,V043
SESS-007,V044
SESS-007,V046
SESS-007,V048
SESS-007,V050
SESS-007,V051
SESS-007,V053
SESS-007,V054
SESS-007,V055
SESS-007,V056
SESS-007,V057
SESS-007,V058
SESS-007,V059
SESS-007,V060
SESS-007,V061
SESS-007,V064
SESS-007,V068
SESS-007,V069
SESS-007,V071
SESS-007,V072
SESS-007,V073
SESS-007,V074
SESS-007,V075
SESS-007,V077
SESS-007,V078
SESS-007,V081
SESS-007,V082
SESS-007,V083
SESS-007,V085
SESS-007,V086
SESS-007,V089
SESS-007,V090
SESS-007,V092
SESS-007,V094
SESS-007,V095
SESS-007,V096
SESS-007,V097
SESS-007,V099
SESS-007,V100
SESS-007,V101
SESS-007,V102
SESS-007,V104
SESS-007,V105
SESS-007,V106
SESS-007,V107
SESS-007,V108
SESS-007,V109
SESS-007,V110
SESS-007,V112
SESS-007,V113
SESS-007,V114
SESS-007,V116
SESS-007,V117
SESS-007,V118
SESS-007,V119
SESS-007,V121
SESS-007,V122
SESS-007,V123
SESS-007,V125
SESS-007,V126
SESS-007,V127
SESS-007,V128
SESS-007,V130
SESS-007,V131
SESS-007,V132
SESS-007,V133
SESS-007,V135
SESS-007,V137
SESS-007,V138
SESS-007,V139
SESS-007,V140
SESS-007,V141
SESS-007,V142
SESS-007,V143
SESS-007,V144
SESS-007,V145
SESS-007,V146
SESS-007,V147
SESS-007,V148
SESS-007,V150
SESS-007,V151
SESS-007,V152
SESS-007,V153
SESS-007,V154
SESS-007,V156
SESS-007,V157
SESS-007,V158
SESS-007,V159
SESS-007,V160
SESS-007,V161
SESS-007,V162
SESS-007,V164
SESS-007,V166
SESS-007,V167
SESS-007,V168
SESS-007,V170
SESS-007,V173
SESS-007,V174
SESS-007,V175
SESS-007,V176
SESS-007,V177
SESS-007,V179
SESS-007,V181
SESS-007,V182
SESS-007,V184
SESS-007,V185
SESS-007,V187
SESS-007,V188
SESS-007,V190
SESS-007,V191
SESS-007,V192
SESS-007,V193
SESS-007,V194
SESS-007,V195
SESS-007,V197
SESS-007,V198
SESS-007,V199
SESS-007,V200
SESS-007,V201
SESS-007,V202
SESS-007,V203
SESS-007,V204
SESS-007,V205
SESS-007,V208
SESS-007,V209
SESS-007,V210
SESS-007,V212
SESS-007,V213
SESS-007,V214
SESS-007,V215
SESS-007,V216
SESS-007,V217
SESS-007,V219
SESS-007,V220
SESS-007,V221
SESS-007,V222
SESS-007,V223
SESS-007,V224
SESS-007,V225
SESS-007,V226
SESS-007,V228
SESS-007,V229
SESS-007,V231
SESS-007,V232
SESS-007,V233
SESS-007,V234
SESS-007,V235
SESS-007,V237
SESS-007,V238
SESS-007,V242
SESS-007,V244
SESS-007,V245
SESS-007,V247
SESS-007,V248
SESS-007,V250
SESS-007,V251
SESS-007,V252
SESS-007,V253
SESS-007,V256
SESS-007,V257
SESS-007,V259
SESS-007,V262
SESS-007,V263
SESS-007,V264
SESS-007,V265
SESS-007,V266
SESS-007,V267
SESS-007,V271
SESS-007,V273
SESS-007,V275
SESS-007,V277
SESS-007,V278
SESS-007,V279
SESS-007,V280
SESS-007,V281
SESS-007,V283
SESS-007,V284
SESS-007,V285
SESS-007,V286
SESS-007,V287
SESS-007,V288
SESS-007,V289
SESS-007,V291
SESS-007,V292
SESS-007,V293
SESS-007,V295
SESS-007,V296
SESS-007,V297
SESS-007,V298
SESS-007,V299
SESS-007,V300
SESS-007,V302
SESS-007,V303
SESS-007,V304
SESS-007,V305
SESS-007,V306
SESS-007,V307
SESS-007,V309
SESS-007,V312
SESS-007,V313
SESS-007,V314
SESS-007,V315
SESS-007,V317
SESS-007,V318
SESS-007,V319
SESS-007,V320
SESS-007,V321
SESS-007,V323
SESS-007,V324
SESS-007,V325
SESS-007,V327
SESS-007,V328
SESS-007,V329
SESS-007,V330
SESS-007,V331
SESS-007,V332
SESS-007,V333
SESS-007,V334
SESS-007,V335
SESS-007,V337
SESS-007,V338
SESS-007,V339
SESS-007,V341
SESS-007,V342
SESS-007,V343
SESS-007,V344
SESS-007,V345
SESS-007,V346
SESS-007,V347
SESS-007,V348
SESS-007,V349
SESS-007,V352
SESS-007,V353
SESS-007,V354
SESS-007,V359
SESS-007,V360
SESS-007,V361
SESS-007,V362
SESS-007,V363
SESS-007,V364
SESS-007,V365
SESS-007,V366
SESS-007,V367
SESS-007,V368
SESS-007,V369
SESS-007,V370
SESS-007,V371
SESS-007,V372
SESS-007,V374
SESS-007,V376
SESS-007,V377
SESS-007,V378
SESS-007,V380
SESS-007,V381
SESS-007,V382
SESS-007,V383
SESS-007,V384
SESS-007,V385
SESS-007,V386
SESS-007,V387
SESS-007,V388
SESS-007,V389
SESS-007,V390
SESS-007,V392
SESS-007,V393
SESS-007,V394
SESS-007,V395
SESS-007,V396
SESS-007,V397
SESS-007,V398
SESS-007,V400
SESS-008,V001
SESS-008,V003
SESS-008,V004
SESS-008,V005
SESS-008,V007
SESS-008,V008
SESS-008,V009
SESS-008,V014
SESS-008,V015
SESS-008,V017
SESS-008,V021
SESS-008,V022
SESS-008,V023
SESS-008,V024
SESS-008,V025
SESS-008,V027
SESS-008,V028
SESS-008,V030
SESS-008,V031
SESS-008,V035
SESS-008,V036
SESS-008,V037
SESS-008,V038
SESS-008,V040
SESS-008,V043
SESS-008,V044
SESS-008,V045
SESS-008,V046
SESS-008,V047
SESS-008,V048
SESS-008,V049
SESS-008,V051
SESS-008,V052
SESS-008,V053
SESS-008,V058
SESS-008,V062
SESS-008,V063
SESS-008,V064
SESS-008,V067
SESS-008,V068
SESS-008,V069
SESS-008,V071
SESS-008,V072
SESS-008,V074
SESS-008,V078
SESS-008,V080
SESS-008,V081
SESS-008,V082
SESS-008,V084
SESS-008,V085
SESS-008,V089
SESS-008,V097
SESS-008,V101
SESS-008,V103
SESS-008,V104
SESS-008,V106
SESS-008,V110
SESS-008,V111
SESS-008,V112
SESS-008,V116
SESS-008,V117
SESS-008,V118
SESS-008,V120
SESS-008,V123
SESS-008,V124
SESS-008,V127
SESS-008,V128
SESS-008,V129
SESS-008,V131
SESS-008,V135
SESS-008,V138
SESS-008,V141
SESS-008,V142
SESS-008,V146
SESS-008,V147
SESS-008,V151
SESS-008,V152
SESS-008,V154
SESS-008,V155
SESS-008,V156
SESS-008,V157
SESS-008,V158
SESS-008,V161
SESS-008,V162
SESS-008,V163
SESS-008,V164
SESS-008,V165
SESS-008,V167
SESS-008,V169
SESS-008,V171
SESS-008,V173
SESS-008,V175
SESS-008,V176
SESS-008,V179
SESS-008,V180
SESS-008,V182
SESS-008,V185
SESS-008,V187
SESS-008,V188
SESS-008,V189
SESS-008,V190
SESS-008,V191
SESS-008,V196
SESS-008,V197
SESS-008,V198
SESS-008,V199
SESS-008,V201
SESS-008,V203
SESS-008,V204
SESS-008,V207
SESS-008,V210
SESS-008,V211
SESS-008,V213
SESS-008,V214
SESS-008,V216
SESS-008,V217
SESS-008,V220
SESS-008,V221
SESS-008,V225
SESS-008,V226
SESS-008,V227
SESS-008,V228
SESS-008,V234
SESS-008,V236
SESS-008,V242
SESS-008,V245
SESS-008,V248
SESS-008,V249
SESS-008,V250
SESS-008,V251
SESS-008,V253
SESS-008,V254
SESS-008,V255
SESS-008,V256
SESS-008,V257
SESS-008,V260
SESS-008,V261
SESS-008,V262
SESS-008,V263
SESS-008,V266
SESS-008,V271
SESS-008,V272
SESS-008,V276
SESS-008,V281
SESS-008,V284
SESS-008,V289
SESS-008,V290
SESS-008,V296
SESS-008,V302
SESS-008,V304
SESS-008,V305
SESS-008,V307
SESS-008,V309
SESS-008,V311
SESS-008,V312
SESS-008,V313
SESS-008,V317
SESS-008,V320
SESS-008,V321
SESS-008,V324
SESS-008,V327
SESS-008,V332
SESS-008,V333
SESS-008,V335
SESS-008,V336
SESS-008,V337
SESS-008,V338
SESS-008,V339
SESS-008,V340
SESS-008,V341
SESS-008,V343
SESS-008,V344
SESS-008,V346
SESS-008,V349
SESS-008,V350
SESS-008,V351
SESS-008,V352
SESS-008,V353
SESS-008,V357
SESS-008,V359
SESS-008,V360
SESS-008,V364
SESS-008,V365
SESS-008,V366
SESS-008,V370
SESS-008,V371
SESS-008,V375
SESS-008,V376
SESS-008,V377
SESS-008,V380
SESS-008,V381
SESS-008,V383
SESS-008,V385
SESS-008,V386
SESS-008,V387
SESS-008,V388
SESS-008,V391
SESS-008,V393
SESS-008,V394
SESS-008,V399
